CEP,UF,CIDADE,LOGRADOURO
15490377,GO,João Pessoa,Praça Paulista
15490377,GO,Aracaju,Avenida do Sol
63619219,PB,São Luís,Travessa Boa Vista
63619219,BA,Aracaju,Praça das Palmeiras
62041530,CE,Cuiabá,Alameda das Flores
62041530,RN,Maceió,Praça Central
92533442,PB,Salvador,Rua das Flores
92533442,AL,Maceió,Travessa Beira Mar
90816365,SC,Brasília,Alameda dos Pinheiros
90816365,ES,São Paulo,Alameda Beira Mar
13883352,AC,Recife,Alameda Paulista
13883352,DF,Belém,Alameda dos Pinheiros
61754952,RS,Belém,Praça do Comércio
61754952,MA,Salvador,Alameda Beira Mar
47112319,AL,Recife,Avenida Paulista
47112319,RJ,Fortaleza,Estrada dos Pinheiros
77945410,MS,Curitiba,Alameda da Liberdade
77945410,AC,Salvador,Travessa da Liberdade
53009414,RS,Manaus,Praça Paulista
53009414,SP,Campinas,Praça das Palmeiras
14307577,SP,Manaus,Rua das Flores
14307577,AM,Curitiba,Travessa dos Pinheiros
13003862,ES,Curitiba,Praça do Sol
13003862,TO,Campinas,Estrada Beira Mar
87135591,MG,Brasília,Rua Beira Mar
87135591,AL,Cuiabá,Estrada do Comércio
96464770,PB,Recife,Avenida das Flores
96464770,AC,Belo Horizonte,Travessa Beira Mar
93523462,PE,Belo Horizonte,Travessa da Liberdade
93523462,PI,Porto Alegre,Avenida da Liberdade
16884330,PE,São Luís,Estrada Paulista
16884330,MG,Goiânia,Praça Central
61716891,CE,Fortaleza,Alameda das Palmeiras
61716891,RR,Aracaju,Avenida Beira Mar
86209463,CE,São Paulo,Travessa Central
86209463,GO,Brasília,Avenida Paulista
31851807,PI,Rio de Janeiro,Estrada do Sol
31851807,AP,São Luís,Alameda Beira Mar
78125848,SP,Goiânia,Avenida do Sol
78125848,RJ,Brasília,Praça da Liberdade
47436635,BA,São Luís,Estrada Boa Vista
47436635,RS,Belo Horizonte,Alameda das Flores
96403328,AL,Cuiabá,Avenida Central
96403328,RR,Rio de Janeiro,Praça das Palmeiras
18991144,PE,São Luís,Estrada das Flores
18991144,DF,Florianópolis,Travessa Paulista
43674840,MG,Recife,Rua do Sol
43674840,PR,Recife,Travessa da Liberdade
28779421,AP,Florianópolis,Praça dos Pinheiros
28779421,AP,Maceió,Praça Boa Vista
84269996,DF,Florianópolis,Rua da Liberdade
84269996,PE,Fortaleza,Alameda do Comércio
17721912,SE,Goiânia,Avenida da Liberdade
17721912,PI,Rio de Janeiro,Alameda Central
41429777,PE,Fortaleza,Praça Paulista
41429777,AM,Porto Alegre,Rua Central
73758744,RN,Curitiba,Alameda do Comércio
73758744,TO,São Luís,Estrada Beira Mar
26233968,AC,Maceió,Alameda do Sol
26233968,MG,Brasília,Alameda do Comércio
97070115,PI,Goiânia,Travessa do Sol
97070115,SP,João Pessoa,Travessa do Sol
57177234,PA,São Paulo,Alameda do Sol
57177234,RR,Rio de Janeiro,Rua Central
30395985,DF,Salvador,Alameda Central
30395985,SP,São Paulo,Praça Paulista
12826331,RN,Florianópolis,Alameda Central
12826331,DF,Fortaleza,Estrada dos Pinheiros
57743428,PE,Porto Alegre,Rua Beira Mar
57743428,RJ,Porto Alegre,Estrada das Palmeiras
72684765,RS,Campinas,Avenida das Flores
72684765,MS,Aracaju,Alameda do Comércio
76264485,RJ,Maceió,Alameda das Flores
76264485,AL,Recife,Estrada Paulista
62070527,MS,Fortaleza,Alameda Paulista
62070527,TO,João Pessoa,Avenida da Liberdade
10597178,PI,João Pessoa,Alameda das Palmeiras
10597178,MG,Salvador,Avenida dos Pinheiros
88018297,SP,Curitiba,Alameda Beira Mar
88018297,BA,Maceió,Avenida Beira Mar
58560311,RN,Rio de Janeiro,Alameda da Liberdade
58560311,SC,Manaus,Alameda do Sol
43136714,PB,Fortaleza,Alameda do Sol
43136714,RJ,Salvador,Travessa Beira Mar
55558325,AP,Fortaleza,Avenida das Flores
55558325,MG,Florianópolis,Estrada Paulista
54492550,TO,Recife,Praça das Palmeiras
54492550,RO,Goiânia,Estrada das Flores
71405821,SE,Natal,Estrada das Flores
71405821,AC,Florianópolis,Estrada das Palmeiras
46477366,RO,João Pessoa,Avenida Paulista
46477366,PA,João Pessoa,Rua Beira Mar
27239771,PR,São Luís,Alameda Paulista
27239771,PI,Brasília,Travessa Central
74113500,ES,Porto Alegre,Alameda das Palmeiras
74113500,RR,Porto Alegre,Avenida do Sol
87226324,SP,Aracaju,Praça Boa Vista
87226324,RJ,Manaus,Avenida do Comércio
69587620,MA,Recife,Praça do Sol
69587620,BA,Brasília,Travessa Central
93551514,ES,Belo Horizonte,Avenida das Flores
93551514,ES,Fortaleza,Praça Beira Mar
72889857,MT,Rio de Janeiro,Estrada das Palmeiras
72889857,MT,Florianópolis,Praça Boa Vista
24672359,BA,Florianópolis,Praça do Comércio
24672359,AM,Fortaleza,Travessa Beira Mar
48010243,GO,Goiânia,Alameda dos Pinheiros
48010243,PB,Curitiba,Alameda Beira Mar
96071623,RJ,Porto Alegre,Praça do Comércio
96071623,AL,Aracaju,Travessa do Sol
43333124,AC,Fortaleza,Travessa do Sol
43333124,AC,Manaus,Travessa dos Pinheiros
24170876,RS,Salvador,Alameda do Sol
24170876,RR,São Paulo,Travessa das Palmeiras
33682609,RS,Campinas,Estrada das Flores
33682609,MT,Manaus,Alameda das Flores
57984642,RJ,Maceió,Estrada Paulista
57984642,PB,São Paulo,Travessa Paulista
73041319,ES,Rio de Janeiro,Avenida da Liberdade
73041319,MA,São Luís,Alameda Boa Vista
44226740,AP,São Luís,Alameda Beira Mar
44226740,SE,Fortaleza,Rua Paulista
29892372,SC,Fortaleza,Travessa do Sol
29892372,RO,Manaus,Avenida Beira Mar
24936393,RJ,Cuiabá,Praça dos Pinheiros
24936393,PI,São Paulo,Travessa Boa Vista
54233948,PE,Fortaleza,Avenida dos Pinheiros
54233948,AP,João Pessoa,Estrada Beira Mar
13752351,PI,Salvador,Alameda Beira Mar
13752351,CE,Curitiba,Estrada do Comércio
55839503,MS,Cuiabá,Avenida do Comércio
55839503,AC,Cuiabá,Travessa dos Pinheiros
75419138,PB,Natal,Rua dos Pinheiros
75419138,MT,São Luís,Alameda do Comércio
15455472,RS,Manaus,Rua da Liberdade
15455472,RS,Salvador,Travessa Beira Mar
56590291,GO,Campinas,Estrada Beira Mar
56590291,GO,São Paulo,Travessa das Palmeiras
66866152,PA,Curitiba,Avenida Beira Mar
66866152,RR,Belo Horizonte,Estrada Beira Mar
66671322,AL,Maceió,Rua dos Pinheiros
66671322,RN,Florianópolis,Travessa do Comércio
64858153,MG,Manaus,Rua Central
64858153,PA,Rio de Janeiro,Estrada dos Pinheiros
36745659,CE,Salvador,Praça Paulista
36745659,AP,Belo Horizonte,Estrada da Liberdade
56320406,PA,Natal,Praça Beira Mar
56320406,MA,João Pessoa,Estrada das Palmeiras
17819646,MA,Belo Horizonte,Praça das Palmeiras
17819646,CE,Florianópolis,Avenida do Sol
29455287,ES,Cuiabá,Estrada Boa Vista
29455287,RN,Manaus,Praça Beira Mar
68153208,DF,Cuiabá,Rua da Liberdade
68153208,ES,Goiânia,Rua das Palmeiras
78102816,AC,Salvador,Alameda Beira Mar
78102816,PR,Maceió,Praça do Comércio
92832368,PE,Belo Horizonte,Avenida Paulista
92832368,PE,Belém,Alameda Beira Mar
46183741,RO,Goiânia,Praça do Sol
46183741,GO,Belo Horizonte,Travessa Paulista
36430181,SP,João Pessoa,Rua do Sol
36430181,SP,Curitiba,Rua Boa Vista
83285843,PB,Maceió,Travessa Paulista
83285843,PE,Brasília,Avenida Paulista
30419893,MS,Porto Alegre,Avenida Central
30419893,GO,Cuiabá,Alameda da Liberdade
95003319,AM,Porto Alegre,Avenida Boa Vista
95003319,MA,Belo Horizonte,Alameda das Flores
13023614,RO,Maceió,Travessa dos Pinheiros
13023614,AC,Belém,Alameda Central
99093270,MT,São Luís,Rua da Liberdade
99093270,RS,Manaus,Travessa Boa Vista
20194295,AP,Belo Horizonte,Travessa Beira Mar
20194295,BA,Recife,Praça dos Pinheiros
49648988,AP,Natal,Avenida da Liberdade
49648988,AL,Rio de Janeiro,Avenida das Flores
82088709,PR,Belém,Alameda Central
82088709,SE,João Pessoa,Travessa do Comércio
15407844,TO,Belo Horizonte,Travessa da Liberdade
15407844,SC,Curitiba,Estrada do Comércio
94052425,SC,Belém,Praça Central
94052425,SE,Curitiba,Rua das Flores
23636230,RS,Porto Alegre,Avenida das Flores
23636230,SP,João Pessoa,Alameda Beira Mar
47568535,GO,Manaus,Travessa do Sol
47568535,PB,Rio de Janeiro,Travessa dos Pinheiros
39201228,AP,Goiânia,Rua Paulista
39201228,PA,Belo Horizonte,Rua Boa Vista
20031982,PI,Rio de Janeiro,Travessa Central
20031982,AM,Goiânia,Praça do Comércio
72591922,MS,São Paulo,Travessa dos Pinheiros
72591922,MS,São Paulo,Alameda Boa Vista
54410814,SE,Fortaleza,Estrada Paulista
54410814,MT,São Luís,Estrada da Liberdade
62368838,GO,Florianópolis,Alameda Boa Vista
62368838,PB,João Pessoa,Alameda das Palmeiras
66923273,AM,Florianópolis,Avenida dos Pinheiros
66923273,GO,João Pessoa,Alameda dos Pinheiros
36270930,SP,Campinas,Rua das Palmeiras
36270930,SE,Manaus,Praça da Liberdade
34710670,MA,Fortaleza,Travessa do Sol
34710670,ES,Recife,Alameda do Comércio
29768310,GO,Porto Alegre,Alameda Boa Vista
29768310,RR,Belo Horizonte,Rua Beira Mar
91910524,CE,Recife,Rua do Sol
91910524,AP,Maceió,Avenida Central
95194309,AP,Salvador,Alameda do Sol
95194309,RR,Manaus,Rua Central
28137201,AL,Belém,Rua Central
28137201,PR,São Luís,Rua das Flores
60532304,SP,Porto Alegre,Avenida Paulista
60532304,MG,Campinas,Praça das Palmeiras
45407664,RN,Brasília,Alameda Central
45407664,SP,Salvador,Alameda das Palmeiras
22540389,CE,São Paulo,Alameda da Liberdade
22540389,TO,Porto Alegre,Alameda Beira Mar
83488861,GO,Recife,Travessa das Palmeiras
83488861,PA,Natal,Alameda Paulista
30848992,AM,Maceió,Avenida Boa Vista
30848992,MS,Campinas,Rua Paulista
70545919,AP,Brasília,Praça Boa Vista
70545919,SC,Florianópolis,Avenida da Liberdade
16777497,MS,Fortaleza,Alameda dos Pinheiros
16777497,PE,Recife,Avenida Central
95015603,AM,Belo Horizonte,Praça da Liberdade
95015603,BA,Campinas,Alameda Boa Vista
64813559,MA,Salvador,Alameda da Liberdade
64813559,MG,Belo Horizonte,Alameda do Comércio
42408988,PR,Cuiabá,Avenida das Palmeiras
42408988,PI,Aracaju,Estrada Boa Vista
79749498,SP,Aracaju,Estrada do Sol
79749498,TO,Florianópolis,Estrada do Comércio
50500443,MS,São Luís,Alameda Central
50500443,DF,Belo Horizonte,Praça da Liberdade
86251232,SC,São Luís,Alameda Boa Vista
86251232,PR,Campinas,Estrada do Sol
15576122,GO,Aracaju,Avenida do Sol
15576122,DF,Rio de Janeiro,Avenida do Sol
17345244,RJ,Manaus,Avenida dos Pinheiros
17345244,RN,Belo Horizonte,Rua Boa Vista
71574286,PB,Manaus,Praça dos Pinheiros
71574286,RO,João Pessoa,Travessa das Flores
52862218,SP,João Pessoa,Estrada Paulista
52862218,PB,Recife,Travessa Boa Vista
95810844,SC,Manaus,Avenida das Palmeiras
95810844,RR,Salvador,Rua Paulista
25515295,CE,São Luís,Travessa Paulista
25515295,PR,Natal,Rua das Flores
95195278,MS,Belém,Estrada Paulista
95195278,SE,Curitiba,Travessa Central
60144382,RR,Maceió,Praça dos Pinheiros
60144382,PB,Aracaju,Alameda da Liberdade
67076741,MS,João Pessoa,Avenida das Palmeiras
67076741,CE,Belém,Praça Paulista
42533402,PR,Belém,Praça das Palmeiras
42533402,GO,Aracaju,Avenida Boa Vista
15254159,SC,Rio de Janeiro,Avenida do Sol
15254159,MT,João Pessoa,Alameda Beira Mar
34111924,PE,Belém,Praça das Palmeiras
34111924,MT,São Luís,Avenida Central
84964940,CE,Rio de Janeiro,Travessa do Comércio
84964940,CE,Natal,Avenida Boa Vista
76697896,RN,Rio de Janeiro,Avenida Paulista
76697896,AC,Campinas,Rua da Liberdade
36344525,AL,Fortaleza,Alameda das Flores
36344525,MA,Curitiba,Alameda Paulista
98790188,RR,Recife,Estrada da Liberdade
98790188,CE,João Pessoa,Avenida dos Pinheiros
89559942,MG,São Paulo,Rua Boa Vista
89559942,SP,João Pessoa,Avenida das Palmeiras
16752469,DF,Curitiba,Rua das Flores
16752469,CE,Curitiba,Alameda do Comércio
91377387,MT,Rio de Janeiro,Alameda Beira Mar
91377387,PB,Natal,Avenida Boa Vista
54172803,DF,João Pessoa,Rua do Sol
54172803,MA,Recife,Alameda da Liberdade
27521731,RJ,Porto Alegre,Avenida dos Pinheiros
27521731,PB,Rio de Janeiro,Alameda do Comércio
51524213,RJ,Florianópolis,Avenida Paulista
51524213,MT,Natal,Avenida Beira Mar
34502920,AL,Porto Alegre,Avenida Beira Mar
34502920,RS,Natal,Alameda Central
33848416,ES,Campinas,Rua dos Pinheiros
33848416,RS,Curitiba,Travessa das Palmeiras
60237753,PI,Manaus,Avenida das Flores
60237753,CE,Belo Horizonte,Rua das Palmeiras
61075743,MS,Belo Horizonte,Travessa Beira Mar
61075743,SC,Maceió,Estrada Central
27943285,PB,Rio de Janeiro,Rua Boa Vista
27943285,SP,João Pessoa,Rua dos Pinheiros
11970477,AL,Florianópolis,Praça Boa Vista
11970477,RN,Curitiba,Rua do Comércio
84375923,PA,Goiânia,Alameda da Liberdade
84375923,SE,Fortaleza,Praça do Comércio
34600892,GO,Maceió,Avenida do Comércio
34600892,ES,Maceió,Alameda do Sol
21000348,PR,Brasília,Praça dos Pinheiros
21000348,RJ,Manaus,Travessa das Palmeiras
63444403,PB,Curitiba,Rua do Sol
63444403,SP,Brasília,Alameda Boa Vista
55280282,MA,São Luís,Praça das Flores
55280282,CE,Curitiba,Avenida do Sol
32318980,AC,Florianópolis,Rua Paulista
32318980,RR,Aracaju,Travessa Boa Vista
47660371,RS,Fortaleza,Travessa do Sol
47660371,TO,Brasília,Praça Paulista
96316922,AC,Maceió,Alameda das Flores
96316922,MS,Salvador,Praça Beira Mar
23875403,SE,Recife,Rua Paulista
23875403,RO,Maceió,Estrada dos Pinheiros
56986971,RO,Belo Horizonte,Avenida dos Pinheiros
56986971,AM,Porto Alegre,Estrada Central
72779850,MS,Belo Horizonte,Praça do Sol
72779850,PI,Florianópolis,Rua Central
21130298,PB,Porto Alegre,Avenida Beira Mar
21130298,MA,João Pessoa,Travessa Paulista
58331241,GO,Curitiba,Avenida do Comércio
58331241,AM,Florianópolis,Estrada das Flores
46298436,AL,Porto Alegre,Praça Paulista
46298436,TO,Porto Alegre,Rua Boa Vista
96310945,SE,Fortaleza,Praça Central
96310945,PR,Fortaleza,Travessa Paulista
15543793,MG,Campinas,Estrada Central
15543793,GO,Florianópolis,Travessa Beira Mar
58291608,RN,Aracaju,Praça das Palmeiras
58291608,RO,João Pessoa,Travessa das Palmeiras
67192591,ES,Goiânia,Travessa da Liberdade
67192591,RJ,São Paulo,Estrada das Flores
83866148,CE,Maceió,Estrada da Liberdade
83866148,PA,Brasília,Avenida Central
36076856,RO,Salvador,Alameda Paulista
36076856,RR,Natal,Travessa do Comércio
86221552,PI,Brasília,Avenida dos Pinheiros
86221552,AM,São Luís,Travessa da Liberdade
84928888,RO,Maceió,Alameda Beira Mar
84928888,SE,Belém,Travessa dos Pinheiros
59130565,AM,Cuiabá,Travessa do Comércio
59130565,SP,São Luís,Travessa da Liberdade
60879998,ES,Belo Horizonte,Avenida Central
60879998,RO,São Paulo,Alameda Boa Vista
14287275,AP,Belém,Estrada Boa Vista
14287275,AP,Campinas,Alameda Paulista
53845697,PB,Florianópolis,Alameda dos Pinheiros
53845697,RN,Goiânia,Avenida Central
68560346,AP,Natal,Estrada Boa Vista
68560346,TO,Cuiabá,Praça do Comércio
72163281,PI,Maceió,Travessa Beira Mar
72163281,AL,João Pessoa,Alameda das Palmeiras
64384536,AC,Manaus,Avenida Central
64384536,AP,Manaus,Estrada das Palmeiras
10703570,AP,Belo Horizonte,Travessa Central
10703570,MA,Florianópolis,Rua do Comércio
71905174,DF,Belo Horizonte,Travessa Paulista
71905174,RJ,Belém,Travessa do Comércio
20879427,PI,Curitiba,Travessa Boa Vista
20879427,GO,São Luís,Avenida Central
81875721,SE,Aracaju,Travessa das Flores
81875721,ES,Salvador,Rua Boa Vista
28564618,PE,São Paulo,Praça Boa Vista
28564618,AP,Cuiabá,Avenida das Flores
94302219,RJ,Fortaleza,Travessa da Liberdade
94302219,AP,Salvador,Rua Boa Vista
58756605,BA,Curitiba,Estrada do Comércio
58756605,AC,Maceió,Alameda do Sol
79991661,AL,Belo Horizonte,Travessa das Palmeiras
79991661,SP,Porto Alegre,Alameda do Sol
25156908,RR,Porto Alegre,Travessa da Liberdade
25156908,RO,Maceió,Rua do Comércio
72129151,RN,São Luís,Estrada das Flores
72129151,PA,Fortaleza,Rua da Liberdade
98290374,SC,Cuiabá,Rua dos Pinheiros
98290374,RR,Porto Alegre,Praça do Sol
36051417,PE,Goiânia,Estrada do Comércio
36051417,SE,Aracaju,Estrada do Comércio
71306784,MT,Salvador,Avenida do Comércio
71306784,RJ,Salvador,Alameda Beira Mar
52948122,AL,Manaus,Alameda dos Pinheiros
52948122,AC,Aracaju,Estrada da Liberdade
18246714,MS,Recife,Travessa das Flores
18246714,RJ,Curitiba,Alameda das Flores
68506185,RS,São Luís,Estrada Central
68506185,RS,Belo Horizonte,Praça dos Pinheiros
71732226,PE,Rio de Janeiro,Avenida da Liberdade
71732226,RO,Rio de Janeiro,Praça Boa Vista
87961736,RN,João Pessoa,Rua Beira Mar
87961736,PB,Natal,Avenida Boa Vista
50207594,SE,Natal,Rua Paulista
50207594,MS,São Paulo,Alameda Central
91239324,MT,João Pessoa,Avenida das Palmeiras
91239324,AL,Salvador,Avenida das Flores
94283561,CE,Salvador,Praça Boa Vista
94283561,RO,Brasília,Alameda Beira Mar
90323396,AM,Belo Horizonte,Rua das Flores
90323396,MG,Florianópolis,Estrada do Sol
24531859,DF,Fortaleza,Estrada das Flores
24531859,PI,Goiânia,Avenida Boa Vista
83350956,CE,Salvador,Rua Paulista
83350956,PI,Natal,Travessa Boa Vista
67758950,MT,São Paulo,Praça das Palmeiras
67758950,AC,Florianópolis,Estrada do Sol
65886903,SE,Manaus,Alameda do Sol
65886903,AM,Florianópolis,Avenida do Comércio
64756883,MG,Fortaleza,Alameda Boa Vista
64756883,PI,Curitiba,Praça dos Pinheiros
32555979,CE,Aracaju,Praça Beira Mar
32555979,MG,Salvador,Estrada da Liberdade
40557525,RR,Aracaju,Praça Paulista
40557525,GO,Florianópolis,Travessa das Flores
79174826,AL,São Paulo,Travessa Paulista
79174826,MT,Manaus,Rua Central
16820768,PE,Cuiabá,Estrada Beira Mar
16820768,RJ,Florianópolis,Travessa Central
36916649,MS,Goiânia,Alameda Beira Mar
36916649,CE,São Luís,Travessa Boa Vista
64048376,AL,Porto Alegre,Alameda Beira Mar
64048376,MS,São Paulo,Alameda das Flores
20211588,MT,João Pessoa,Estrada das Palmeiras
20211588,RJ,Belo Horizonte,Rua Paulista
41090622,PI,Brasília,Alameda Beira Mar
41090622,DF,Cuiabá,Avenida das Palmeiras
36763125,MS,Florianópolis,Alameda da Liberdade
36763125,SE,Belém,Travessa Central
36039325,TO,João Pessoa,Avenida das Palmeiras
36039325,RJ,Belo Horizonte,Alameda Paulista
48715788,SP,Belém,Avenida do Sol
48715788,SP,Aracaju,Rua do Comércio
43516820,PB,Aracaju,Estrada das Flores
43516820,RS,Florianópolis,Avenida do Comércio
25341121,TO,Campinas,Estrada Beira Mar
25341121,PA,Aracaju,Estrada das Flores
39732297,PI,Porto Alegre,Alameda Paulista
39732297,MS,Brasília,Alameda do Comércio
81568394,AC,Natal,Rua dos Pinheiros
81568394,MG,Natal,Avenida das Palmeiras
74534355,RJ,Maceió,Praça das Palmeiras
74534355,MA,Brasília,Praça Beira Mar
92792468,TO,Porto Alegre,Praça Paulista
92792468,RR,Manaus,Praça dos Pinheiros
88487689,RR,São Luís,Rua Boa Vista
88487689,MA,São Paulo,Praça das Flores
66014519,MA,São Paulo,Rua da Liberdade
66014519,SP,Belo Horizonte,Estrada Beira Mar
41429321,RO,São Luís,Travessa Central
41429321,RN,Porto Alegre,Praça das Flores
80395985,CE,Manaus,Praça Paulista
80395985,MG,João Pessoa,Avenida Central
74903376,RN,São Paulo,Rua do Comércio
74903376,MG,Salvador,Rua dos Pinheiros
90506952,MT,Belém,Avenida das Palmeiras
90506952,DF,Belém,Avenida dos Pinheiros
69782701,AP,Goiânia,Alameda das Flores
69782701,PA,Belém,Praça do Sol
36293555,PI,Florianópolis,Rua das Flores
36293555,BA,São Luís,Praça da Liberdade
59066706,MG,Belém,Alameda Central
59066706,MT,São Luís,Travessa Paulista
66725930,BA,Natal,Estrada do Sol
66725930,PA,São Luís,Travessa Paulista
37625611,RO,São Luís,Avenida Central
37625611,PB,Aracaju,Alameda do Comércio
50153904,RJ,São Luís,Rua Boa Vista
50153904,MS,Recife,Travessa da Liberdade
87108676,MG,Belém,Avenida Boa Vista
87108676,PR,Fortaleza,Alameda dos Pinheiros
42838695,DF,João Pessoa,Praça do Comércio
42838695,MS,Belém,Travessa do Comércio
90837614,PR,João Pessoa,Estrada da Liberdade
90837614,PI,São Paulo,Estrada da Liberdade
80519459,BA,Porto Alegre,Alameda Central
80519459,MT,Salvador,Praça Central
67712729,PB,Porto Alegre,Avenida das Palmeiras
67712729,AC,Natal,Estrada do Comércio
95681939,PE,Rio de Janeiro,Avenida da Liberdade
95681939,RN,São Paulo,Avenida Boa Vista
28817106,PE,Porto Alegre,Alameda Central
28817106,RO,Fortaleza,Avenida Central
21949407,AC,Salvador,Travessa da Liberdade
21949407,PA,Belo Horizonte,Travessa do Sol
98771965,MG,Recife,Rua Beira Mar
98771965,SC,Aracaju,Alameda Beira Mar
20626202,TO,Aracaju,Rua Central
20626202,RS,Porto Alegre,Estrada Central
22943205,ES,Cuiabá,Praça dos Pinheiros
22943205,SP,Recife,Praça Boa Vista
76768276,RN,São Paulo,Estrada Beira Mar
76768276,PR,Porto Alegre,Alameda das Palmeiras
34773286,PI,Salvador,Praça Beira Mar
34773286,GO,Campinas,Travessa Paulista
36184279,PA,São Luís,Rua do Comércio
36184279,MS,Belém,Alameda do Sol
61781496,GO,Porto Alegre,Travessa das Flores
61781496,PA,São Paulo,Alameda do Comércio
34183764,PB,Belém,Praça das Flores
34183764,RO,Curitiba,Estrada Boa Vista
21241511,AP,Curitiba,Avenida das Flores
21241511,RR,Porto Alegre,Travessa das Flores
34947962,MG,São Luís,Praça dos Pinheiros
34947962,DF,Natal,Rua do Sol
25251874,SC,São Paulo,Estrada dos Pinheiros
25251874,PR,Maceió,Avenida das Flores
11700367,PR,João Pessoa,Estrada da Liberdade
11700367,SP,Campinas,Alameda do Sol
58337856,SC,Curitiba,Alameda Paulista
58337856,DF,Cuiabá,Travessa Boa Vista
64153968,PB,Campinas,Estrada do Comércio
64153968,AP,Salvador,Travessa das Palmeiras
42855534,RJ,Campinas,Alameda das Palmeiras
42855534,GO,Curitiba,Praça do Sol
61741920,TO,Campinas,Rua do Comércio
61741920,TO,Belém,Alameda dos Pinheiros
52874219,SE,São Luís,Rua das Flores
52874219,RO,Porto Alegre,Rua Beira Mar
95956553,GO,Maceió,Avenida do Comércio
95956553,AP,São Luís,Alameda Paulista
43399834,ES,São Paulo,Praça Central
43399834,RN,Manaus,Estrada do Comércio
52205647,AM,Maceió,Estrada Boa Vista
52205647,AM,Maceió,Praça Paulista
58033622,TO,Campinas,Estrada da Liberdade
58033622,SC,Recife,Travessa Boa Vista
48984736,SP,Curitiba,Alameda dos Pinheiros
48984736,RR,Salvador,Travessa da Liberdade
76614360,ES,Porto Alegre,Alameda da Liberdade
76614360,MS,Belo Horizonte,Travessa das Palmeiras
16860589,RS,Manaus,Praça Central
16860589,TO,São Paulo,Travessa Boa Vista
14257669,MG,Salvador,Praça Boa Vista
14257669,RJ,São Luís,Rua Beira Mar
45408459,PR,Goiânia,Avenida dos Pinheiros
45408459,RO,Belo Horizonte,Travessa Beira Mar
78686569,AC,Goiânia,Praça Central
78686569,RN,Manaus,Alameda do Sol
57187124,PA,Belo Horizonte,Praça do Sol
57187124,RN,Belém,Avenida Central
26931801,PR,Manaus,Avenida das Palmeiras
26931801,MG,Manaus,Alameda das Flores
39192584,PA,São Paulo,Rua das Palmeiras
39192584,SE,Goiânia,Travessa das Palmeiras
67454179,RR,Curitiba,Travessa do Sol
67454179,PI,Belo Horizonte,Travessa das Palmeiras
28836296,SC,Goiânia,Estrada do Comércio
28836296,PA,Natal,Estrada Boa Vista
87002763,RN,João Pessoa,Rua Central
87002763,RJ,Florianópolis,Praça do Comércio
38220900,CE,Cuiabá,Alameda do Comércio
38220900,RJ,São Paulo,Estrada Beira Mar
44218119,AC,São Luís,Alameda Paulista
44218119,RO,Campinas,Praça Boa Vista
80513396,MT,São Luís,Alameda Boa Vista
80513396,AM,Goiânia,Estrada Beira Mar
60629577,GO,Goiânia,Alameda Boa Vista
60629577,AM,Fortaleza,Alameda do Sol
77676300,GO,Manaus,Rua do Sol
77676300,SE,Rio de Janeiro,Praça das Flores
54258350,DF,Goiânia,Praça do Sol
54258350,RS,João Pessoa,Estrada do Comércio
69089868,AL,Maceió,Rua da Liberdade
69089868,RN,Manaus,Estrada Beira Mar
36522275,PA,Natal,Avenida das Palmeiras
36522275,DF,Manaus,Avenida do Comércio
19852734,AP,Brasília,Alameda das Palmeiras
19852734,DF,Belém,Estrada Boa Vista
36877968,AM,Florianópolis,Avenida dos Pinheiros
36877968,RS,Goiânia,Praça da Liberdade
84763356,RJ,Fortaleza,Travessa Beira Mar
84763356,AP,Belo Horizonte,Estrada Beira Mar
66722302,AP,Curitiba,Praça Beira Mar
66722302,MS,Brasília,Alameda dos Pinheiros
60226793,PA,Florianópolis,Rua das Flores
60226793,RS,Natal,Travessa Beira Mar
99006699,SE,Campinas,Travessa do Sol
99006699,MT,São Paulo,Estrada Boa Vista
22636538,GO,Cuiabá,Rua do Sol
22636538,GO,Brasília,Estrada Boa Vista
78779522,AP,Aracaju,Avenida da Liberdade
78779522,PA,Belém,Alameda dos Pinheiros
49871741,SC,Manaus,Alameda dos Pinheiros
49871741,ES,Salvador,Alameda Boa Vista
91760184,MT,Campinas,Rua dos Pinheiros
91760184,RN,Goiânia,Avenida dos Pinheiros
54200789,MG,Belém,Avenida das Flores
54200789,PB,Belo Horizonte,Avenida da Liberdade
23487767,AC,Manaus,Rua Central
23487767,PE,Goiânia,Alameda das Flores
35893195,AC,Curitiba,Rua dos Pinheiros
35893195,PE,Aracaju,Alameda Central
40527430,SC,Salvador,Estrada do Sol
40527430,CE,Salvador,Rua Boa Vista
60994378,PI,Aracaju,Avenida das Palmeiras
60994378,TO,Manaus,Alameda do Sol
70109821,PR,São Luís,Travessa dos Pinheiros
70109821,GO,Rio de Janeiro,Alameda Boa Vista
67377773,DF,Florianópolis,Avenida das Flores
67377773,PA,Manaus,Praça das Palmeiras
80514707,MT,Manaus,Alameda do Comércio
80514707,PI,Manaus,Rua do Comércio
40433318,TO,João Pessoa,Avenida do Comércio
40433318,SP,Salvador,Avenida Boa Vista
48930661,ES,Recife,Alameda das Palmeiras
48930661,PE,Salvador,Rua das Flores
40768233,MT,Rio de Janeiro,Alameda da Liberdade
40768233,SE,Campinas,Avenida das Flores
54908232,DF,Belo Horizonte,Rua Boa Vista
54908232,PR,Maceió,Alameda Central
73327466,RJ,Fortaleza,Praça Central
73327466,PR,Goiânia,Rua Paulista
81224141,MG,Brasília,Avenida Boa Vista
81224141,RS,Belém,Alameda Beira Mar
83419681,RO,Porto Alegre,Rua das Palmeiras
83419681,PB,Curitiba,Praça Paulista
80257972,GO,Maceió,Estrada do Comércio
80257972,RR,Salvador,Avenida do Sol
73696351,CE,Rio de Janeiro,Alameda Central
73696351,AC,Fortaleza,Travessa Beira Mar
79079330,BA,Campinas,Avenida das Flores
79079330,MG,Belo Horizonte,Rua do Sol
80314818,SP,Maceió,Rua do Sol
80314818,PI,Maceió,Rua Boa Vista
18609330,SP,Belém,Travessa da Liberdade
18609330,MG,Belém,Avenida do Comércio
94823818,TO,Florianópolis,Praça Central
94823818,PB,Belo Horizonte,Praça da Liberdade
39016298,BA,Cuiabá,Avenida Central
39016298,RJ,Cuiabá,Estrada da Liberdade
89023599,AP,São Paulo,Alameda das Palmeiras
89023599,RN,Recife,Travessa Boa Vista
19931918,RN,João Pessoa,Travessa da Liberdade
19931918,PA,Maceió,Travessa das Palmeiras
63145948,RR,Goiânia,Rua dos Pinheiros
63145948,RR,Goiânia,Avenida do Comércio
91296496,PE,Brasília,Alameda Paulista
91296496,MT,Belo Horizonte,Travessa das Flores
86028328,PE,Campinas,Rua da Liberdade
86028328,PI,Brasília,Estrada das Palmeiras
55781939,PI,Fortaleza,Alameda das Flores
55781939,RN,Goiânia,Estrada da Liberdade
33049923,PA,Manaus,Estrada Boa Vista
33049923,MS,Goiânia,Rua dos Pinheiros
32440707,AC,Natal,Travessa do Comércio
32440707,PI,São Paulo,Travessa das Flores
46327562,PR,Recife,Praça das Flores
46327562,MT,São Paulo,Travessa Boa Vista
60189805,AM,Aracaju,Avenida do Comércio
60189805,MT,São Luís,Estrada da Liberdade
25248926,RN,São Luís,Rua da Liberdade
25248926,DF,Maceió,Alameda das Palmeiras
15026132,PE,São Paulo,Travessa das Flores
15026132,RO,Goiânia,Estrada das Flores
42664100,BA,Fortaleza,Travessa dos Pinheiros
42664100,PI,Cuiabá,Estrada Beira Mar
29437233,MA,Aracaju,Alameda Beira Mar
29437233,PE,Salvador,Avenida das Flores
98403367,RO,São Paulo,Praça da Liberdade
98403367,SP,São Paulo,Estrada do Comércio
14682150,ES,Curitiba,Estrada do Comércio
14682150,PE,Goiânia,Estrada da Liberdade
21595789,AM,João Pessoa,Alameda das Flores
21595789,PR,Porto Alegre,Avenida do Sol
14537686,SC,Rio de Janeiro,Alameda dos Pinheiros
14537686,MS,Aracaju,Travessa Paulista
94586191,PI,São Luís,Estrada Boa Vista
94586191,PI,Manaus,Estrada do Comércio
76201889,RR,Curitiba,Avenida Paulista
76201889,DF,Salvador,Travessa Paulista
95662400,GO,Natal,Praça Central
95662400,TO,Fortaleza,Alameda Paulista
86421576,RR,Belém,Rua da Liberdade
86421576,DF,Rio de Janeiro,Rua do Sol
86674798,MG,Rio de Janeiro,Alameda do Comércio
86674798,RS,Manaus,Travessa dos Pinheiros
65111248,PE,Curitiba,Rua das Palmeiras
65111248,BA,Belo Horizonte,Estrada da Liberdade
57975816,RO,Porto Alegre,Travessa da Liberdade
57975816,SE,Salvador,Alameda dos Pinheiros
92713749,BA,Brasília,Estrada Beira Mar
92713749,SP,São Paulo,Estrada Beira Mar
52613293,SE,João Pessoa,Praça Boa Vista
52613293,ES,São Luís,Travessa Beira Mar
67227961,PR,Natal,Rua Paulista
67227961,TO,Aracaju,Estrada Beira Mar
73472841,MT,Florianópolis,Praça Beira Mar
73472841,SE,João Pessoa,Avenida dos Pinheiros
40469545,AL,Cuiabá,Alameda Paulista
40469545,TO,Manaus,Avenida Boa Vista
84364632,SE,Goiânia,Alameda Central
84364632,AP,Porto Alegre,Praça Boa Vista
71731642,AC,Porto Alegre,Alameda das Palmeiras
71731642,RR,Florianópolis,Travessa Central
76575690,AM,Aracaju,Estrada Paulista
76575690,RO,Recife,Alameda do Comércio
57242335,AL,Curitiba,Rua Central
57242335,RS,Manaus,Praça do Comércio
36168403,SC,Curitiba,Praça das Palmeiras
36168403,PI,Recife,Alameda Boa Vista
63257824,AM,Natal,Avenida do Sol
63257824,PI,Cuiabá,Alameda das Palmeiras
58027780,AL,Salvador,Rua da Liberdade
58027780,BA,Natal,Praça do Comércio
45313801,DF,Cuiabá,Alameda do Comércio
45313801,GO,Aracaju,Praça da Liberdade
99866937,RS,Maceió,Rua Beira Mar
99866937,MT,Cuiabá,Alameda Boa Vista
62353401,RS,Maceió,Avenida das Palmeiras
62353401,SE,Belém,Praça Central
85299518,RO,Aracaju,Travessa da Liberdade
85299518,TO,Aracaju,Estrada da Liberdade
22152724,MS,Porto Alegre,Praça Boa Vista
22152724,AP,São Luís,Alameda Central
28231660,PA,Fortaleza,Travessa Central
28231660,AM,Cuiabá,Avenida do Sol
25270700,PA,Belém,Estrada Beira Mar
25270700,GO,Rio de Janeiro,Rua Central
15094496,RS,Recife,Travessa dos Pinheiros
15094496,AM,Aracaju,Estrada Beira Mar
13042993,SC,Maceió,Rua dos Pinheiros
13042993,DF,Porto Alegre,Alameda do Sol
41550224,TO,Curitiba,Travessa da Liberdade
41550224,PI,Goiânia,Rua Paulista
74972165,DF,Belo Horizonte,Alameda do Sol
74972165,AP,Belo Horizonte,Rua Central
79940224,MG,São Luís,Avenida das Flores
79940224,RO,Manaus,Rua do Sol
98433990,PR,Salvador,Rua do Sol
98433990,RN,Belo Horizonte,Praça dos Pinheiros
42386790,RR,Florianópolis,Avenida Boa Vista
42386790,RJ,Florianópolis,Travessa do Comércio
89004427,PB,São Paulo,Alameda Boa Vista
89004427,AP,Belo Horizonte,Travessa dos Pinheiros
43107988,MT,Cuiabá,Alameda das Palmeiras
43107988,PA,Florianópolis,Alameda da Liberdade
86699959,CE,Aracaju,Avenida Beira Mar
86699959,BA,Brasília,Avenida da Liberdade
50187734,RJ,Salvador,Rua dos Pinheiros
50187734,SC,Porto Alegre,Travessa Beira Mar
92005505,SE,Manaus,Avenida das Palmeiras
92005505,MS,Porto Alegre,Avenida das Palmeiras
93166332,RO,Manaus,Praça das Flores
93166332,RN,Manaus,Alameda Boa Vista
93557644,PR,Florianópolis,Travessa das Palmeiras
93557644,RN,Maceió,Estrada dos Pinheiros
27879992,GO,Manaus,Travessa do Sol
27879992,MS,Cuiabá,Rua Beira Mar
81375247,MT,Cuiabá,Avenida das Flores
81375247,AC,Belo Horizonte,Avenida Central
98628834,RR,Maceió,Travessa Boa Vista
98628834,TO,Manaus,Avenida dos Pinheiros
53570953,BA,Natal,Estrada Central
53570953,GO,Florianópolis,Alameda do Sol
71383719,MA,Salvador,Travessa Boa Vista
71383719,RO,Aracaju,Avenida das Flores
38738621,SC,São Paulo,Travessa Beira Mar
38738621,RJ,João Pessoa,Travessa Boa Vista
34042173,MS,Cuiabá,Estrada da Liberdade
34042173,MA,São Paulo,Estrada Boa Vista
43666463,SE,Natal,Estrada Beira Mar
43666463,AP,Porto Alegre,Alameda dos Pinheiros
81735576,AP,Belém,Travessa dos Pinheiros
81735576,RS,São Paulo,Praça do Sol
52240370,CE,Porto Alegre,Estrada das Palmeiras
52240370,GO,João Pessoa,Praça do Sol
91526532,RN,Belo Horizonte,Travessa do Sol
91526532,SE,Aracaju,Travessa dos Pinheiros
31700104,MG,Cuiabá,Alameda da Liberdade
31700104,AP,São Paulo,Alameda Beira Mar
93547517,PI,Belo Horizonte,Alameda Beira Mar
93547517,AP,Goiânia,Rua Paulista
38721792,MG,Curitiba,Travessa Paulista
38721792,TO,Porto Alegre,Travessa Central
98009571,RJ,São Paulo,Avenida dos Pinheiros
98009571,AM,Belo Horizonte,Travessa Central
43077802,RN,João Pessoa,Travessa da Liberdade
43077802,RJ,São Paulo,Alameda das Flores
93285370,PE,Manaus,Rua Boa Vista
93285370,PI,São Luís,Praça do Comércio
66368373,MT,João Pessoa,Travessa Paulista
66368373,BA,Goiânia,Travessa Beira Mar
76898560,RS,São Luís,Alameda da Liberdade
76898560,PE,Florianópolis,Avenida da Liberdade
57118744,RO,Curitiba,Rua Boa Vista
57118744,AC,Natal,Avenida Boa Vista
83021850,AM,Maceió,Estrada do Sol
83021850,BA,Curitiba,Travessa Paulista
94032950,AP,Rio de Janeiro,Travessa do Sol
94032950,PI,Goiânia,Avenida Beira Mar
34379909,SC,Porto Alegre,Rua dos Pinheiros
34379909,AP,Recife,Alameda das Palmeiras
97986207,PI,Natal,Avenida do Comércio
97986207,SE,São Paulo,Praça das Palmeiras
44071437,RS,João Pessoa,Praça das Flores
44071437,PE,Recife,Avenida Boa Vista
28935926,RR,São Paulo,Alameda do Sol
28935926,MT,Recife,Avenida dos Pinheiros
96443430,PI,João Pessoa,Estrada Central
96443430,SC,Fortaleza,Travessa das Flores
46228601,DF,Aracaju,Alameda do Comércio
46228601,SP,Fortaleza,Travessa Paulista
46461208,GO,Fortaleza,Avenida Central
46461208,SC,Recife,Rua da Liberdade
63360114,AP,João Pessoa,Estrada Central
63360114,ES,Florianópolis,Estrada do Comércio
32396883,SE,Manaus,Rua Paulista
32396883,AC,Aracaju,Estrada do Comércio
14556925,PB,Florianópolis,Estrada Beira Mar
14556925,AM,Belém,Avenida Beira Mar
89867446,SP,Recife,Estrada das Palmeiras
89867446,PA,Florianópolis,Rua Beira Mar
65086731,AP,Natal,Avenida da Liberdade
65086731,CE,João Pessoa,Praça Boa Vista
12407152,RO,Natal,Alameda Paulista
12407152,PA,São Paulo,Travessa Boa Vista
32358451,PE,Maceió,Avenida Paulista
32358451,RS,Belém,Travessa das Palmeiras
62609515,SC,Manaus,Praça do Comércio
62609515,RN,Belo Horizonte,Avenida Boa Vista
29334683,TO,Aracaju,Avenida da Liberdade
29334683,AM,Goiânia,Avenida do Comércio
55870789,RO,Maceió,Alameda das Palmeiras
55870789,TO,João Pessoa,Travessa Central
53068750,AL,Belém,Estrada do Comércio
53068750,SP,João Pessoa,Avenida das Palmeiras
75351178,DF,Porto Alegre,Rua dos Pinheiros
75351178,MA,São Luís,Estrada dos Pinheiros
96053323,MA,Fortaleza,Estrada do Comércio
96053323,MA,Florianópolis,Alameda dos Pinheiros
23475385,TO,Salvador,Avenida Central
23475385,MS,Curitiba,Rua Boa Vista
48116393,RR,Goiânia,Avenida das Flores
48116393,MS,Brasília,Avenida Paulista
76191716,SE,Maceió,Travessa do Sol
76191716,RO,Maceió,Rua Central
44940774,AP,Aracaju,Alameda Boa Vista
44940774,RO,Belo Horizonte,Estrada Paulista
53109535,RS,Porto Alegre,Praça das Flores
53109535,MT,Campinas,Rua Central
55897763,MT,Belo Horizonte,Rua das Palmeiras
55897763,AM,São Paulo,Alameda Paulista
88797957,SC,Brasília,Praça dos Pinheiros
88797957,GO,Rio de Janeiro,Praça Central
20335883,RS,Fortaleza,Estrada das Flores
20335883,RS,Manaus,Rua da Liberdade
12127783,MA,Rio de Janeiro,Travessa Central
12127783,PE,Fortaleza,Estrada das Palmeiras
59930501,RR,Campinas,Alameda dos Pinheiros
59930501,RJ,Curitiba,Praça Central
55779157,PE,Aracaju,Praça Paulista
55779157,PR,Manaus,Travessa Boa Vista
85948726,DF,Salvador,Travessa do Comércio
85948726,ES,Maceió,Alameda Central
61424498,AC,Manaus,Estrada Boa Vista
61424498,MT,Natal,Praça do Sol
22927486,MS,São Paulo,Rua Central
22927486,ES,Cuiabá,Rua das Flores
75819136,AP,Maceió,Avenida das Flores
75819136,PE,Maceió,Travessa das Flores
23753280,AM,Florianópolis,Travessa do Comércio
23753280,MG,Cuiabá,Estrada das Flores
58313847,SE,Belo Horizonte,Estrada da Liberdade
58313847,PE,Natal,Estrada do Comércio
64785529,SP,Belo Horizonte,Estrada dos Pinheiros
64785529,MS,Brasília,Praça das Flores
32576292,RR,Cuiabá,Praça do Comércio
32576292,SP,Maceió,Alameda Paulista
20509375,PE,Brasília,Praça Central
20509375,CE,São Luís,Alameda Paulista
77327900,AC,Belém,Avenida das Flores
77327900,GO,Belém,Rua do Comércio
49110373,RS,Rio de Janeiro,Travessa da Liberdade
49110373,PE,São Luís,Rua dos Pinheiros
46048891,RN,Natal,Praça Central
46048891,PE,São Paulo,Rua Boa Vista
70958170,SC,Maceió,Estrada do Sol
70958170,MT,Fortaleza,Praça Boa Vista
42193168,SC,Curitiba,Travessa Boa Vista
42193168,RS,Florianópolis,Avenida dos Pinheiros
16134386,RR,Campinas,Alameda das Flores
16134386,MG,Campinas,Estrada Paulista
31288589,AC,São Paulo,Avenida dos Pinheiros
31288589,PI,Maceió,Estrada Beira Mar
95444672,RN,Natal,Rua das Flores
95444672,DF,Cuiabá,Rua Boa Vista
48974998,PR,Aracaju,Avenida da Liberdade
48974998,PR,Florianópolis,Estrada das Palmeiras
12890715,AC,Manaus,Praça Paulista
12890715,PI,Manaus,Alameda do Sol
80213104,AC,São Luís,Praça Boa Vista
80213104,MS,Cuiabá,Travessa Central
68016696,MA,Brasília,Alameda Paulista
68016696,DF,Florianópolis,Praça da Liberdade
37470247,MG,Belo Horizonte,Praça do Sol
37470247,RN,Recife,Alameda dos Pinheiros
74084722,MT,Belo Horizonte,Avenida Boa Vista
74084722,GO,Manaus,Estrada dos Pinheiros
72166623,PA,Natal,Alameda Paulista
72166623,AP,João Pessoa,Avenida dos Pinheiros
61289172,RN,Campinas,Alameda dos Pinheiros
61289172,MA,Fortaleza,Travessa das Palmeiras
80309627,DF,Curitiba,Travessa das Palmeiras
80309627,TO,Manaus,Travessa Boa Vista
55939773,PI,Natal,Alameda Central
55939773,ES,Fortaleza,Alameda dos Pinheiros
87650998,RJ,Cuiabá,Avenida do Comércio
87650998,RN,Natal,Alameda das Flores
56545125,PB,Florianópolis,Estrada do Comércio
56545125,TO,Florianópolis,Travessa da Liberdade
52504560,RR,Belém,Estrada do Sol
52504560,RO,São Paulo,Avenida Boa Vista
28028176,AP,Fortaleza,Avenida Beira Mar
28028176,CE,São Luís,Estrada Central
68476700,PE,São Paulo,Estrada do Sol
68476700,RS,Goiânia,Alameda dos Pinheiros
10598825,PE,Maceió,Praça das Flores
10598825,PI,Belo Horizonte,Praça Paulista
12993659,RO,Rio de Janeiro,Avenida Paulista
12993659,ES,Salvador,Alameda da Liberdade
46863703,ES,Belo Horizonte,Travessa Central
46863703,PI,Recife,Rua das Palmeiras
17533235,PE,Salvador,Avenida Beira Mar
17533235,RR,Natal,Rua Central
91002815,MA,Rio de Janeiro,Travessa das Flores
91002815,RS,Porto Alegre,Alameda do Comércio
38402765,PR,Rio de Janeiro,Travessa Boa Vista
38402765,MS,Natal,Estrada do Comércio
29557110,MS,Maceió,Rua dos Pinheiros
29557110,RO,Fortaleza,Estrada Paulista
76889706,AP,Belo Horizonte,Travessa da Liberdade
76889706,AC,Brasília,Estrada das Palmeiras
51203422,CE,São Luís,Avenida das Flores
51203422,RJ,Aracaju,Travessa dos Pinheiros
30678735,RO,Campinas,Estrada Beira Mar
30678735,SC,Brasília,Praça do Comércio
79796854,BA,Maceió,Praça Boa Vista
79796854,SE,Brasília,Rua da Liberdade
14207519,RJ,Porto Alegre,Alameda Paulista
14207519,SP,Porto Alegre,Avenida das Flores
66020373,PI,Goiânia,Travessa do Comércio
66020373,DF,Natal,Rua Boa Vista
59319437,MS,Salvador,Alameda do Sol
59319437,MA,Natal,Estrada das Flores
50918945,MG,Fortaleza,Alameda do Comércio
50918945,MG,Natal,Rua do Comércio
76357682,AP,Cuiabá,Rua Beira Mar
76357682,SP,Salvador,Travessa Paulista
26800237,MT,Recife,Alameda Boa Vista
26800237,AP,São Paulo,Estrada das Palmeiras
81349395,PE,Salvador,Rua das Flores
81349395,MG,Aracaju,Praça dos Pinheiros
90424524,CE,Natal,Praça das Palmeiras
90424524,PI,Natal,Praça das Flores
62451811,TO,Rio de Janeiro,Alameda Beira Mar
62451811,PR,Natal,Travessa das Flores
70147792,SE,Aracaju,Rua do Sol
70147792,MA,Campinas,Estrada dos Pinheiros
52188537,RS,Salvador,Avenida do Comércio
52188537,AL,Brasília,Estrada do Comércio
72821559,SC,Aracaju,Alameda Beira Mar
72821559,ES,Florianópolis,Avenida Beira Mar
65232157,DF,Fortaleza,Praça dos Pinheiros
65232157,AC,Fortaleza,Travessa do Comércio
84583887,TO,Campinas,Rua da Liberdade
84583887,RS,Aracaju,Alameda do Sol
92767419,PR,Campinas,Rua do Comércio
92767419,RS,Natal,Avenida das Flores
49687216,ES,São Paulo,Avenida dos Pinheiros
49687216,RN,São Paulo,Praça das Flores
64662340,MT,Manaus,Alameda Boa Vista
64662340,MS,Brasília,Praça Beira Mar
60362775,MA,Porto Alegre,Rua dos Pinheiros
60362775,RS,Porto Alegre,Rua dos Pinheiros
88286334,PB,Belém,Praça das Flores
88286334,PI,Curitiba,Alameda do Sol
32717539,PE,Recife,Travessa das Flores
32717539,TO,Campinas,Estrada Central
92735651,TO,Belém,Estrada da Liberdade
92735651,SC,João Pessoa,Avenida Boa Vista
72770798,AC,Belém,Travessa das Flores
72770798,RR,Aracaju,Rua Paulista
50201570,SC,Aracaju,Alameda das Flores
50201570,AP,Rio de Janeiro,Avenida Boa Vista
46945680,MT,São Paulo,Estrada do Comércio
46945680,MG,Aracaju,Estrada das Palmeiras
21532402,RJ,Campinas,Praça Central
21532402,MS,Maceió,Praça da Liberdade
38328363,PE,Rio de Janeiro,Avenida Paulista
38328363,AM,Rio de Janeiro,Praça Boa Vista
37179675,PR,Fortaleza,Estrada Paulista
37179675,PR,Belém,Alameda do Comércio
99451922,AC,Manaus,Avenida dos Pinheiros
99451922,GO,Campinas,Alameda do Comércio
34783689,RS,São Paulo,Travessa Boa Vista
34783689,PE,Recife,Alameda da Liberdade
71011825,MA,Florianópolis,Avenida Central
71011825,PI,Natal,Travessa Beira Mar
69751462,AP,Manaus,Alameda das Palmeiras
69751462,AM,Aracaju,Estrada das Palmeiras
21484916,RJ,Manaus,Praça Boa Vista
21484916,SC,Manaus,Estrada dos Pinheiros
30611429,RJ,Curitiba,Avenida das Palmeiras
30611429,RJ,Recife,Estrada dos Pinheiros
48953685,GO,Campinas,Alameda Boa Vista
48953685,SC,Curitiba,Avenida do Comércio
